{"stats":{"minecraft:crafted":{"minecraft:oak_planks":40,"minecraft:diamond_axe":1,"minecraft:crafting_table":3,"minecraft:wooden_pickaxe":1,"minecraft:iron_sword":1,"minecraft:bucket":1,"minecraft:stone_axe":1,"minecraft:diamond_helmet":1,"minecraft:diamond_leggings":1,"minecraft:iron_boots":1,"minecraft:diamond_pickaxe":1,"minecraft:shield":1,"minecraft:iron_axe":1,"minecraft:stick":24,"minecraft:iron_pickaxe":1,"minecraft:stone_pickaxe":1,"minecraft:diamond_boots":1,"minecraft:diamond_chestplate":1},"minecraft:dropped":{"minecraft:bread":1,"minecraft:iron_sword":1,"minecraft:stone_axe":1,"minecraft:compass":1,"minecraft:wheat_seeds":5,"minecraft:bowl":1,"minecraft:diamond":8,"minecraft:tuff":2,"minecraft:raw_iron":1,"minecraft:iron_boots":1,"minecraft:leather_helmet":1,"minecraft:stick":3,"minecraft:filled_map":1,"minecraft:leather_chestplate":1,"minecraft:diamond_pickaxe":1,"minecraft:oak_sapling":1,"minecraft:iron_axe":2,"minecraft:beef":7,"minecraft:wooden_pickaxe":1,"minecraft:stone_pickaxe":1,"minecraft:iron_pickaxe":1,"minecraft:bone":1},"minecraft:picked_up":{"minecraft:crafting_table":4,"minecraft:leather_chestplate":1,"minecraft:leather":2,"minecraft:tuff":11,"minecraft:oak_log":15,"minecraft:lapis_lazuli":13,"minecraft:dirt":7,"minecraft:iron_axe":1,"minecraft:bone":5,"minecraft:wheat_seeds":5,"minecraft:cobbled_deepslate":79,"minecraft:raw_gold":6,"minecraft:beef":7,"minecraft:sugar_cane":22,"minecraft:stick":2,"minecraft:raw_iron":13,"minecraft:porkchop":19,"minecraft:diorite":6,"minecraft:arrow":3,"minecraft:rotten_flesh":34,"minecraft:diamond":45,"minecraft:oak_sapling":1,"minecraft:obsidian":2,"minecraft:coal":4,"minecraft:diamond_pickaxe":1,"minecraft:cobblestone":31},"minecraft:used":{"minecraft:water_bucket":19,"minecraft:iron_ore":20,"minecraft:diamond_boots":1,"minecraft:stone_pickaxe":7,"minecraft:wooden_pickaxe":14,"minecraft:shield":32,"minecraft:iron_sword":142,"minecraft:diamond_axe":3,"minecraft:dirt":7,"minecraft:crafting_table":6,"minecraft:diamond_helmet":1,"minecraft:tuff":9,"minecraft:diamond_pickaxe":136,"minecraft:lava_bucket":1,"minecraft:iron_axe":7,"minecraft:suspicious_stew":1,"minecraft:iron_pickaxe":38,"minecraft:leather_helmet":1,"minecraft:iron_boots":1,"minecraft:stone_axe":4,"minecraft:diamond_chestplate":1,"minecraft:cobblestone":21,"minecraft:cooked_porkchop":13,"minecraft:bucket":21,"minecraft:cobbled_deepslate":76,"minecraft:diamond_leggings":1},"minecraft:mined":{"minecraft:tuff":11,"minecraft:deepslate_diamond_ore":38,"minecraft:crafting_table":4,"minecraft:obsidian":2,"minecraft:short_grass":22,"minecraft:grass_block":6,"minecraft:tall_grass":4,"minecraft:cobblestone":2,"minecraft:deepslate_gold_ore":6,"minecraft:sugar_cane":8,"minecraft:diorite":6,"minecraft:spawner":1,"minecraft:iron_ore":10,"minecraft:cobbled_deepslate":2,"minecraft:deepslate_lapis_ore":2,"minecraft:coal_ore":4,"minecraft:oak_log":15,"minecraft:deepslate_iron_ore":3,"minecraft:dirt":2,"minecraft:stone":29,"minecraft:deepslate":78},"minecraft:custom":{"minecraft:mob_kills":55,"minecraft:interact_with_crafting_table":18,"minecraft:leave_game":6,"minecraft:time_since_death":42996,"minecraft:time_since_rest":43018,"minecraft:sprint_one_cm":56771,"minecraft:damage_taken":1530,"minecraft:walk_one_cm":45599,"minecraft:damage_blocked_by_shield":1785,"minecraft:drop":28,"minecraft:damage_dealt":8991,"minecraft:swim_one_cm":2498,"minecraft:fly_one_cm":112224,"minecraft:open_chest":14,"minecraft:crouch_one_cm":19021,"minecraft:play_time":52260,"minecraft:deaths":1,"minecraft:sneak_time":6578,"minecraft:walk_under_water_one_cm":3339,"minecraft:jump":787,"minecraft:walk_on_water_one_cm":3840,"minecraft:total_world_time":52260,"minecraft:fall_one_cm":24149,"minecraft:horse_one_cm":5934},"minecraft:killed_by":{"minecraft:skeleton":1},"minecraft:killed":{"minecraft:pig":8,"minecraft:skeleton":2,"minecraft:zombie":41,"minecraft:cow":3}},"DataVersion":3953}